technique,clus,clus_params,num_clusters,homogeneity,completeness,v_measure
Doc2Vec,Agglomerative,link=complete,8.0,0.5763158424198412,0.401648521522273,0.47338413253572004
Doc2Vec,Agglomerative,link=complete,5.0,0.44778671662284575,0.40343407671254866,0.4244549052356186
Doc2Vec,Agglomerative,link=complete,10.0,0.6007544325483827,0.3933540302178474,0.47541930496513973
Doc2Vec,Agglomerative,link=complete,15.0,0.6140063553827958,0.33448111493843335,0.43305480937595636
Doc2Vec,Agglomerative,link=complete,20.0,0.6392819798211808,0.31353981990056934,0.4207299977337766
Doc2Vec,Agglomerative,link=complete,25.0,0.656551959018437,0.29928622730958065,0.41115109577743947
Doc2Vec,Agglomerative,link=complete,30.0,0.6647141551321957,0.2907751800699928,0.40457254944187815
Doc2Vec,Agglomerative,link=complete,35.0,0.6796200103756195,0.2846914433213262,0.40128529205398283
Doc2Vec,Agglomerative,link=complete,40.0,0.6891337792438177,0.2785381620922908,0.39672547711004885
Doc2Vec,Agglomerative,link=complete,45.0,0.6939571543802772,0.26678631720108337,0.3854062587752476
Doc2Vec,Agglomerative,link=complete,50.0,0.6985242760844499,0.2641249189038756,0.3833123607929288
Doc2Vec,Agglomerative,link=complete,55.0,0.7039256272996418,0.2607415332013561,0.38053051837384505
Doc2Vec,Agglomerative,link=complete,60.0,0.7094219569030001,0.2579962340617644,0.37838484938798855
Doc2Vec,Agglomerative,link=complete,65.0,0.7150086331540154,0.2572842140569879,0.37840540481744317
Doc2Vec,Agglomerative,link=complete,70.0,0.7215183551402129,0.2561306012615616,0.378055801958774
Doc2Vec,Agglomerative,link=complete,75.0,0.7249685994318316,0.25226965616154856,0.37429476027939174
Doc2Vec,Agglomerative,link=complete,80.0,0.7273205309787768,0.24504811099911078,0.3665863223328268
Doc2Vec,Agglomerative,link=complete,85.0,0.7301212979091866,0.24290476207104666,0.36453276524831735
Doc2Vec,Agglomerative,link=complete,90.0,0.7328891397756946,0.24085688217209617,0.36256146716998433
Doc2Vec,Agglomerative,link=complete,95.0,0.7369833732863097,0.2396588391700321,0.3616976155171195
Doc2Vec,Agglomerative,link=complete,100.0,0.7449015678776583,0.23807387230640342,0.3608261071477802
Doc2Vec,Agglomerative,link=complete,105.0,0.74851165086023,0.23704632392874628,0.3600639227585688
Doc2Vec,Agglomerative,link=complete,110.0,0.7517205264706092,0.23496190190641755,0.35801931710115836
Doc2Vec,Agglomerative,link=complete,115.0,0.7574883115746518,0.23357810079738364,0.3570551458208542
Doc2Vec,Agglomerative,link=complete,120.0,0.7613234142422821,0.23244266437869646,0.35614828613576777
Doc2Vec,Agglomerative,link=complete,125.0,0.7638349508019084,0.23205078093423367,0.3559615148405529
Doc2Vec,Agglomerative,link=complete,130.0,0.7667919814440783,0.2306529815733482,0.3546318109253356
Doc2Vec,Agglomerative,link=complete,135.0,0.7725805477376226,0.23115504838023157,0.35584250390368183
Doc2Vec,Agglomerative,link=complete,140.0,0.7753290231701685,0.2304712573443341,0.35532114732395237
Doc2Vec,Agglomerative,link=complete,145.0,0.7766947460573723,0.22930364339671291,0.3540739964299293
Doc2Vec,Agglomerative,link=complete,150.0,0.777725479166685,0.22770256121290436,0.3522680418977152
Doc2Vec,Agglomerative,link=complete,155.0,0.7801145293938121,0.22725484133207996,0.3519757672808591
Doc2Vec,Agglomerative,link=complete,160.0,0.7832022849096951,0.2266810592520389,0.3515992705064637
Doc2Vec,Agglomerative,link=complete,165.0,0.7840323274706008,0.22604759361940033,0.35091999602030577
Doc2Vec,Agglomerative,link=complete,170.0,0.7857856926070718,0.22550870440709678,0.35044496242565715
Doc2Vec,Agglomerative,link=complete,175.0,0.787338042184256,0.22501467383773144,0.35000175325905003
Doc2Vec,Agglomerative,link=complete,180.0,0.7933270514508257,0.22450491045755727,0.3499709683228777
Doc2Vec,Agglomerative,link=complete,185.0,0.7954906924836401,0.22365169078253583,0.34914226176239743
Doc2Vec,Agglomerative,link=complete,190.0,0.7969050945416916,0.22270942682277853,0.3481281859344785
Doc2Vec,Agglomerative,link=complete,195.0,0.7977070978635589,0.22176301313146618,0.3470468191478807
Doc2Vec,Agglomerative,link=complete,200.0,0.7980594575067705,0.22106696650997987,0.3462270807781984
Doc2Vec,Agglomerative,link=complete,205.0,0.7994394414210177,0.22077621611145654,0.3459998159880636
Doc2Vec,Agglomerative,link=complete,210.0,0.800013413281755,0.22007541255345014,0.3451920607641652
Doc2Vec,Agglomerative,link=complete,215.0,0.8025791776149057,0.21904974006528738,0.3441655912355262
Doc2Vec,Agglomerative,link=complete,220.0,0.8037329094263,0.21871016328556792,0.3438520159217667
Doc2Vec,Agglomerative,link=complete,225.0,0.8048546870656018,0.21814242128300637,0.34325209481948316
Doc2Vec,Agglomerative,link=complete,230.0,0.8057201654844637,0.2174465214844479,0.34246824003525
Doc2Vec,Agglomerative,link=complete,235.0,0.8076978208576625,0.21721084745041402,0.34235387713514775
Doc2Vec,Agglomerative,link=complete,240.0,0.8085491266531115,0.2162753248524695,0.34126669161568085
Doc2Vec,Agglomerative,link=complete,245.0,0.8113531878568306,0.21570907832507405,0.34080942141770826
Doc2Vec,Agglomerative,link=complete,250.0,0.8121003760435063,0.21518898926121466,0.34022557811180604
Doc2Vec,Agglomerative,link=complete,255.0,0.8133039049503001,0.21496191074377,0.3400470165498554
Doc2Vec,Agglomerative,link=complete,260.0,0.8142741080933229,0.21460993356024272,0.33969097617042104
Doc2Vec,Agglomerative,link=complete,265.0,0.8161622322907812,0.21463139984012425,0.3398818870292843
Doc2Vec,Agglomerative,link=complete,270.0,0.8173409074572479,0.2145298516703291,0.3398565606978628
Doc2Vec,Agglomerative,link=complete,275.0,0.8173954959817443,0.21364877543152075,0.33875470064998303
Doc2Vec,Agglomerative,link=complete,280.0,0.8179601599320541,0.21331613501824928,0.3383847777166702
Doc2Vec,Agglomerative,link=complete,285.0,0.8189487881587584,0.2130458204984152,0.33812893024022617
Doc2Vec,Agglomerative,link=complete,290.0,0.8199880669545041,0.21287081489702467,0.33799685723868855
Doc2Vec,Agglomerative,link=complete,295.0,0.8239785665081121,0.21303047918836673,0.3385361961742098
Doc2Vec,Agglomerative,link=complete,300.0,0.8258702378673933,0.21290975378779736,0.3385429646653855
Doc2Vec,Agglomerative,link=average,8.0,0.013956241459357291,0.12618875441828462,0.025132837816838248
Doc2Vec,Agglomerative,link=average,5.0,0.0021725704529439974,0.09577989451612548,0.004248766355752972
Doc2Vec,Agglomerative,link=average,10.0,0.014125458211963274,0.1197364072818706,0.02526980497800677
Doc2Vec,Agglomerative,link=average,15.0,0.017148879012267863,0.10156676180552125,0.029343329958418023
Doc2Vec,Agglomerative,link=average,20.0,0.021797553292865,0.11332664370730469,0.03656256407885844
Doc2Vec,Agglomerative,link=average,25.0,0.3193456577076564,0.5034859880552065,0.3908115708238502
Doc2Vec,Agglomerative,link=average,30.0,0.3363468432063463,0.44465982827704814,0.38299270672706687
Doc2Vec,Agglomerative,link=average,35.0,0.3375584150336624,0.44129417215928446,0.3825179854754142
Doc2Vec,Agglomerative,link=average,40.0,0.3395799306867974,0.42544514011513124,0.3776938474444748
Doc2Vec,Agglomerative,link=average,45.0,0.6247944176634116,0.5358636417071572,0.5769220473926399
Doc2Vec,Agglomerative,link=average,50.0,0.6390351589290284,0.4756334309660513,0.5453575850342374
Doc2Vec,Agglomerative,link=average,55.0,0.6398620685428635,0.46881962955917705,0.5411470189447009
Doc2Vec,Agglomerative,link=average,60.0,0.6414706446769568,0.4617436114396324,0.5369672671712555
Doc2Vec,Agglomerative,link=average,65.0,0.6457610281884179,0.45578260048826874,0.5343894387102536
Doc2Vec,Agglomerative,link=average,70.0,0.6467722558754565,0.436214671283932,0.521024843268042
Doc2Vec,Agglomerative,link=average,75.0,0.6472269134582211,0.4328757543489437,0.5187818653702014
Doc2Vec,Agglomerative,link=average,80.0,0.6495018655432235,0.4275474593355596,0.5156548841956974
Doc2Vec,Agglomerative,link=average,85.0,0.6507040735709199,0.42140458852128837,0.5115333772924892
Doc2Vec,Agglomerative,link=average,90.0,0.6514997782510158,0.41568480306633104,0.5075383617063316
Doc2Vec,Agglomerative,link=average,95.0,0.6550473397830507,0.4020214244007794,0.4982515301033464
Doc2Vec,Agglomerative,link=average,100.0,0.6565038622760818,0.3982620692989183,0.4957698743689714
Doc2Vec,Agglomerative,link=average,105.0,0.6582449867765713,0.3973042398862045,0.49552122728942377
Doc2Vec,Agglomerative,link=average,110.0,0.6649850242695269,0.38564686436178014,0.48818124070300284
Doc2Vec,Agglomerative,link=average,115.0,0.6660644764403357,0.38213202735985197,0.4856428500033283
Doc2Vec,Agglomerative,link=average,120.0,0.6687846764942386,0.3809070043106732,0.48537065180313294
Doc2Vec,Agglomerative,link=average,125.0,0.6715895831268927,0.3677590817736183,0.4752652824990447
Doc2Vec,Agglomerative,link=average,130.0,0.673845021324266,0.36401106187801535,0.47268026024693593
Doc2Vec,Agglomerative,link=average,135.0,0.6762716254454577,0.36434352733571823,0.473556797233512
Doc2Vec,Agglomerative,link=average,140.0,0.6769970894540324,0.3549167608596335,0.4656931662025637
Doc2Vec,Agglomerative,link=average,145.0,0.6780179729653717,0.35081546244850564,0.4623861949792868
Doc2Vec,Agglomerative,link=average,150.0,0.6783573226280151,0.35018168750735756,0.4619140540709021
Doc2Vec,Agglomerative,link=average,155.0,0.6818193913476762,0.3496471820615425,0.46224712463862067
Doc2Vec,Agglomerative,link=average,160.0,0.6822793451601766,0.3403641088934903,0.45416298400261573
Doc2Vec,Agglomerative,link=average,165.0,0.6858554130155946,0.3315634113288391,0.4470225141830393
Doc2Vec,Agglomerative,link=average,170.0,0.68628871032434,0.3303478366426428,0.44600794933900406
Doc2Vec,Agglomerative,link=average,175.0,0.68837994068851,0.3214004008167846,0.4382053794426369
Doc2Vec,Agglomerative,link=average,180.0,0.6887676191465035,0.3205812832904416,0.43752166709010154
Doc2Vec,Agglomerative,link=average,185.0,0.6891720291385645,0.31820783524445556,0.435386783589374
Doc2Vec,Agglomerative,link=average,190.0,0.6899358060493901,0.3169065857004615,0.4343186231314942
Doc2Vec,Agglomerative,link=average,195.0,0.6903561649161908,0.3139161230105992,0.4315840104168135
Doc2Vec,Agglomerative,link=average,200.0,0.6915724723637592,0.31354537973313246,0.4314705046933605
Doc2Vec,Agglomerative,link=average,205.0,0.6928319477420796,0.3058971664477253,0.42441003596993987
Doc2Vec,Agglomerative,link=average,210.0,0.6935230322919302,0.30416679246742045,0.4228702568664513
Doc2Vec,Agglomerative,link=average,215.0,0.6941246397656077,0.30390399852522315,0.4227278565090177
Doc2Vec,Agglomerative,link=average,220.0,0.7197713943381128,0.30676945130036426,0.4301901412709354
Doc2Vec,Agglomerative,link=average,225.0,0.7199688913765834,0.3060472983775239,0.429514731486784
Doc2Vec,Agglomerative,link=average,230.0,0.7206000816260826,0.30547780243230016,0.42906553739764025
Doc2Vec,Agglomerative,link=average,235.0,0.7269331183647977,0.2973263632978767,0.42203442450605844
Doc2Vec,Agglomerative,link=average,240.0,0.7271200506516615,0.29670703536675824,0.42144154521948285
Doc2Vec,Agglomerative,link=average,245.0,0.7274106627844161,0.2924960707303718,0.41722395525047734
Doc2Vec,Agglomerative,link=average,250.0,0.7284185325628811,0.29169218955824494,0.4165704605795561
Doc2Vec,Agglomerative,link=average,255.0,0.7285929668574782,0.2908669960073245,0.4157566855031136
Doc2Vec,Agglomerative,link=average,260.0,0.7286974564706822,0.2896689581320194,0.4145483000667589
Doc2Vec,Agglomerative,link=average,265.0,0.7305596733187278,0.28727721056894256,0.41239052824170186
Doc2Vec,Agglomerative,link=average,270.0,0.730891429874093,0.2868947352454172,0.41204903437108575
Doc2Vec,Agglomerative,link=average,275.0,0.7315496556569089,0.2853413766364642,0.4105481889289625
Doc2Vec,Agglomerative,link=average,280.0,0.731907849319924,0.2848818717849607,0.4101286111779189
Doc2Vec,Agglomerative,link=average,285.0,0.7321231134903803,0.2841147156828641,0.4093666743411742
Doc2Vec,Agglomerative,link=average,290.0,0.7359327192328545,0.2812381554610745,0.4069569148109548
Doc2Vec,Agglomerative,link=average,295.0,0.7377751974941512,0.2747324884628247,0.4003738810972996
Doc2Vec,Agglomerative,link=average,300.0,0.7383589420519385,0.2739932820680298,0.39967391794481755
NEL,Agglomerative,link=complete,8.0,0.04635287314495111,0.1893905052574533,0.074477545240502
NEL,Agglomerative,link=complete,5.0,0.030553042058310442,0.1952412074037725,0.05283759737490123
NEL,Agglomerative,link=complete,10.0,0.050295339152696156,0.18387612332690426,0.07898581566586299
NEL,Agglomerative,link=complete,15.0,0.08421188813081205,0.1903695949467697,0.11676958586923926
NEL,Agglomerative,link=complete,20.0,0.1022288456202706,0.19604428515169994,0.13438274449756626
NEL,Agglomerative,link=complete,25.0,0.13299574711217446,0.19711525814468314,0.15882833717563058
NEL,Agglomerative,link=complete,30.0,0.14069086361878455,0.19779212550731257,0.1644250721518656
NEL,Agglomerative,link=complete,35.0,0.15098512488832969,0.19612348512729527,0.17061938563924522
NEL,Agglomerative,link=complete,40.0,0.16028734622805435,0.19892789080572654,0.17752934965281292
NEL,Agglomerative,link=complete,45.0,0.16791306892757896,0.1978161107173452,0.18164211160900828
NEL,Agglomerative,link=complete,50.0,0.1807278892574418,0.19664276730768923,0.1883497386719958
NEL,Agglomerative,link=complete,55.0,0.1978351828810533,0.2025554189070426,0.20016747727875636
NEL,Agglomerative,link=complete,60.0,0.24200585645222436,0.18785263204772587,0.2115181545636488
NEL,Agglomerative,link=complete,65.0,0.24641280810595192,0.18781560658523774,0.21316049092597605
NEL,Agglomerative,link=complete,70.0,0.2632308071464086,0.18897273299130388,0.22000466877731648
NEL,Agglomerative,link=complete,75.0,0.2691976615697246,0.18661712449609563,0.22042678324156356
NEL,Agglomerative,link=complete,80.0,0.2749796690984709,0.18438837016102624,0.2207513308684638
NEL,Agglomerative,link=complete,85.0,0.2919669217460648,0.18473688856098244,0.22629171204381493
NEL,Agglomerative,link=complete,90.0,0.3018029478376554,0.18411092816582275,0.22870398889030447
NEL,Agglomerative,link=complete,95.0,0.3129252966767224,0.18397784011282722,0.2317204941438391
NEL,Agglomerative,link=complete,100.0,0.32585159634907523,0.184423045713134,0.23553803734521797
NEL,Agglomerative,link=complete,105.0,0.33457677532024444,0.18389260107175914,0.23733781115481992
NEL,Agglomerative,link=complete,110.0,0.340620220555538,0.1851304766015685,0.23988245422234633
NEL,Agglomerative,link=complete,115.0,0.3515619621399517,0.18748310813231167,0.2445507175487242
NEL,Agglomerative,link=complete,120.0,0.38865327004137223,0.1939865986572796,0.2587997490825655
NEL,Agglomerative,link=complete,125.0,0.41643408324615633,0.1989325006283391,0.26924527817364735
NEL,Agglomerative,link=complete,130.0,0.43213034985257237,0.20144524133704347,0.2747915286687869
NEL,Agglomerative,link=complete,135.0,0.47947522334062614,0.21332069798359019,0.295273070064724
NEL,Agglomerative,link=complete,140.0,0.49605231676979433,0.21664733982495185,0.3015812168499157
NEL,Agglomerative,link=complete,145.0,0.5158106339548398,0.22065714082923912,0.30908969433499434
NEL,Agglomerative,link=complete,150.0,0.5512163948899766,0.21618495149796563,0.3105667983384853
NEL,Agglomerative,link=complete,155.0,0.565772121834244,0.21291459406752117,0.3093956508955134
NEL,Agglomerative,link=complete,160.0,0.5786398357298984,0.21121126880826344,0.3094640323608286
NEL,Agglomerative,link=complete,165.0,0.5870712914933993,0.21046558756725656,0.3098497575524137
NEL,Agglomerative,link=complete,170.0,0.6087955308061028,0.21232153748157845,0.31484037564148787
NEL,Agglomerative,link=complete,175.0,0.6240541789099894,0.21425329010587948,0.31898954972392685
NEL,Agglomerative,link=complete,180.0,0.6417843548528926,0.21745658016524416,0.3248453962611121
NEL,Agglomerative,link=complete,185.0,0.6462746826480384,0.21643959950043315,0.32427754211106935
NEL,Agglomerative,link=complete,190.0,0.6538613209046903,0.21583867512639593,0.32454538775327096
NEL,Agglomerative,link=complete,195.0,0.6609388261925059,0.21421511660034967,0.323561560533443
NEL,Agglomerative,link=complete,200.0,0.6690373313287187,0.21521294649481634,0.3256668366442213
NEL,Agglomerative,link=complete,205.0,0.6746316998452871,0.21525658274392778,0.3263756072771189
NEL,Agglomerative,link=complete,210.0,0.6799672286961859,0.21595282560644885,0.3277989897681788
NEL,Agglomerative,link=complete,215.0,0.6856914811073127,0.21585321396521448,0.32834469726134796
NEL,Agglomerative,link=complete,220.0,0.692519809485804,0.2159665013709298,0.3292533494394004
NEL,Agglomerative,link=complete,225.0,0.7018345832879646,0.21705405208827716,0.331565837977669
NEL,Agglomerative,link=complete,230.0,0.7123528275455253,0.2183929185963028,0.3342971240489337
NEL,Agglomerative,link=complete,235.0,0.7168532874784349,0.2190877501739188,0.3356061282500658
NEL,Agglomerative,link=complete,240.0,0.7219965353230405,0.22012869145160208,0.33739071630074935
NEL,Agglomerative,link=complete,245.0,0.7238847551341959,0.22029125459810375,0.3377876142779058
NEL,Agglomerative,link=complete,250.0,0.724170015041996,0.22021093576662415,0.3377242129460213
NEL,Agglomerative,link=complete,255.0,0.7245054983060462,0.22020154321133809,0.33774963407882064
NEL,Agglomerative,link=complete,260.0,0.7253154818920928,0.2203587612790427,0.338022574433868
NEL,Agglomerative,link=complete,265.0,0.728011631391147,0.2209065897111156,0.3389598032459165
NEL,Agglomerative,link=complete,270.0,0.7311323898782609,0.2213878940937105,0.3398643846698657
NEL,Agglomerative,link=complete,275.0,0.7373004220237787,0.2218822330200605,0.341110972315887
NEL,Agglomerative,link=complete,280.0,0.7385016735566325,0.22151733725054662,0.34080767659755246
NEL,Agglomerative,link=complete,285.0,0.7408832103020845,0.2198964236611836,0.33913618177771143
NEL,Agglomerative,link=complete,290.0,0.7461774376325074,0.21965327668514045,0.3393976123037185
NEL,Agglomerative,link=complete,295.0,0.7536092860878693,0.22007658686979492,0.34066789736162134
NEL,Agglomerative,link=complete,300.0,0.7568791827347956,0.2183660557348648,0.33894391950269853
NEL,Agglomerative,link=average,8.0,0.0008511307166860306,0.12341182516033382,0.0016906019087490768
NEL,Agglomerative,link=average,5.0,0.0005519313661664071,0.09885421055177145,0.001097733770337492
NEL,Agglomerative,link=average,10.0,0.0010693213744051803,0.1205952804185043,0.002119846021004419
NEL,Agglomerative,link=average,15.0,0.002374828833386088,0.1721804788648886,0.004685038468854338
NEL,Agglomerative,link=average,20.0,0.0033726558827982386,0.1723825044578719,0.006615872519753277
NEL,Agglomerative,link=average,25.0,0.005915374702384326,0.19239305223923917,0.011477848033815727
NEL,Agglomerative,link=average,30.0,0.00723653502290932,0.18552844396549933,0.013929740656708576
NEL,Agglomerative,link=average,35.0,0.35184762094471406,0.6382307118793833,0.4536205876722459
NEL,Agglomerative,link=average,40.0,0.3741839667421533,0.587148958512824,0.45707729464603597
NEL,Agglomerative,link=average,45.0,0.3960315732775529,0.5692494126073536,0.467098686825461
NEL,Agglomerative,link=average,50.0,0.4319221193658959,0.5291188950447395,0.4756054135408933
NEL,Agglomerative,link=average,55.0,0.4432066656696701,0.5172101818215872,0.4773573073698838
NEL,Agglomerative,link=average,60.0,0.44382603593803827,0.5151756005452156,0.476846620284102
NEL,Agglomerative,link=average,65.0,0.48423295424178264,0.48850009484098117,0.48635716509332444
NEL,Agglomerative,link=average,70.0,0.5060590977323528,0.48034293044200155,0.4928657951595917
NEL,Agglomerative,link=average,75.0,0.5182426948873754,0.4775933515594221,0.4970883840880765
NEL,Agglomerative,link=average,80.0,0.518910930030888,0.47557726462449545,0.4962999903148358
NEL,Agglomerative,link=average,85.0,0.5824544918833874,0.4921067460380059,0.533482457026654
NEL,Agglomerative,link=average,90.0,0.5841784083997391,0.48447838094517265,0.5296776519955041
NEL,Agglomerative,link=average,95.0,0.5855378829438445,0.4813719253687094,0.5283698694921443
NEL,Agglomerative,link=average,100.0,0.5899904583007427,0.446297490599508,0.50818165220721
NEL,Agglomerative,link=average,105.0,0.5915608370374639,0.4432799775976276,0.5067969312402277
NEL,Agglomerative,link=average,110.0,0.5939191470334546,0.4324147658376058,0.5004597542188132
NEL,Agglomerative,link=average,115.0,0.5951505902056984,0.4319667520782197,0.5005957096916137
NEL,Agglomerative,link=average,120.0,0.5958848719944461,0.4280351043488275,0.4982022995096262
NEL,Agglomerative,link=average,125.0,0.598361389791365,0.4087138589632101,0.4856808723651145
NEL,Agglomerative,link=average,130.0,0.6030317476952163,0.4013435927506216,0.4819372169277903
NEL,Agglomerative,link=average,135.0,0.6921377685411338,0.4087012172745877,0.513930833063413
NEL,Agglomerative,link=average,140.0,0.6959393948635826,0.40282461030400346,0.5102852190509614
NEL,Agglomerative,link=average,145.0,0.6974466130301062,0.40113486366476797,0.509329818436381
NEL,Agglomerative,link=average,150.0,0.7068693226324675,0.4010267355170663,0.511733018286807
NEL,Agglomerative,link=average,155.0,0.7097306464773474,0.39760898913928516,0.5096815391239677
NEL,Agglomerative,link=average,160.0,0.7102856636296379,0.395203983445757,0.5078432428444108
NEL,Agglomerative,link=average,165.0,0.7122152389073284,0.39542337184382287,0.5085170352743537
NEL,Agglomerative,link=average,170.0,0.717074290330403,0.38400326764350096,0.5001625337577635
NEL,Agglomerative,link=average,175.0,0.719459982474483,0.3790504729244517,0.496511699578012
NEL,Agglomerative,link=average,180.0,0.7206304514689214,0.3765769231171813,0.4946609080550175
NEL,Agglomerative,link=average,185.0,0.7256899736375505,0.35756015839575056,0.4790727722931379
NEL,Agglomerative,link=average,190.0,0.7265399106749614,0.35514971369194737,0.47708776242169393
NEL,Agglomerative,link=average,195.0,0.7502254585731428,0.3494026286976708,0.4767625534046853
NEL,Agglomerative,link=average,200.0,0.7537021039554832,0.3434089261594458,0.47183561746955305
NEL,Agglomerative,link=average,205.0,0.7557384207448798,0.34193751217184737,0.4708408150218397
NEL,Agglomerative,link=average,210.0,0.755925031522271,0.341463598665656,0.47042747570811094
NEL,Agglomerative,link=average,215.0,0.759669585301583,0.34090811147437056,0.4706210646069478
NEL,Agglomerative,link=average,220.0,0.7610684400462262,0.33083004102446867,0.4611862872014008
NEL,Agglomerative,link=average,225.0,0.7632004255126397,0.328800504123093,0.45959793228238965
NEL,Agglomerative,link=average,230.0,0.7638018765284758,0.3284190079704792,0.45933392802783835
NEL,Agglomerative,link=average,235.0,0.7647063884856281,0.3284599785408037,0.4595374529043331
NEL,Agglomerative,link=average,240.0,0.7647449713409983,0.326734206050977,0.45785269424859537
NEL,Agglomerative,link=average,245.0,0.7691104983678633,0.311921685394957,0.4438392242325582
NEL,Agglomerative,link=average,250.0,0.769499226480343,0.31149293359142205,0.4434695834182171
NEL,Agglomerative,link=average,255.0,0.7702872876364325,0.31086042225262345,0.4429585879899079
NEL,Agglomerative,link=average,260.0,0.771164820665821,0.30791314178537366,0.44010125501252995
NEL,Agglomerative,link=average,265.0,0.7738536928264631,0.3068589182676472,0.43945801065048157
NEL,Agglomerative,link=average,270.0,0.7742609362919518,0.30627582124554253,0.43892519614342057
NEL,Agglomerative,link=average,275.0,0.7774652750914622,0.30625649877663996,0.43941867518278294
NEL,Agglomerative,link=average,280.0,0.778310964040675,0.3057518532555443,0.4390336350767403
NEL,Agglomerative,link=average,285.0,0.7789566758404538,0.30386178687757304,0.4371834717833616
NEL,Agglomerative,link=average,290.0,0.7803032002896558,0.29976074410546916,0.4331304070662243
NEL,Agglomerative,link=average,295.0,0.7806779370194273,0.29915013949790664,0.43255017875718427
NEL,Agglomerative,link=average,300.0,0.7828853335827675,0.29624299159200823,0.42983635566512235
TF-IDF,Agglomerative,link=complete,8.0,0.10789438755494234,0.21952274170751424,0.14467949080286513
TF-IDF,Agglomerative,link=complete,5.0,0.0813764545699526,0.23035294549322832,0.12026652603306064
TF-IDF,Agglomerative,link=complete,10.0,0.1180266513023999,0.21579689473295152,0.1525942980911811
TF-IDF,Agglomerative,link=complete,15.0,0.18004729466556266,0.2280219098733372,0.20121453685072435
TF-IDF,Agglomerative,link=complete,20.0,0.22910400569121056,0.23052989881411215,0.22981474052374187
TF-IDF,Agglomerative,link=complete,25.0,0.28620453484138925,0.22726860447863248,0.2533542662620926
TF-IDF,Agglomerative,link=complete,30.0,0.30859527200555886,0.2197921005692657,0.2567313549880142
TF-IDF,Agglomerative,link=complete,35.0,0.37403694297090945,0.21489550251510003,0.2729646071804168
TF-IDF,Agglomerative,link=complete,40.0,0.42553450637607626,0.21686522541185624,0.2873090758893256
TF-IDF,Agglomerative,link=complete,45.0,0.4847912724987575,0.21936692662647353,0.30205477017949584
TF-IDF,Agglomerative,link=complete,50.0,0.60380736946833,0.24623311182165336,0.3498124402249821
TF-IDF,Agglomerative,link=complete,55.0,0.6567896140414682,0.2513854234593764,0.3636024520204484
TF-IDF,Agglomerative,link=complete,60.0,0.7042573748597052,0.2526954137088864,0.37193602615214416
TF-IDF,Agglomerative,link=complete,65.0,0.7291460370019016,0.2546883834757685,0.3775127635636369
TF-IDF,Agglomerative,link=complete,70.0,0.7361148637896349,0.25563556777536534,0.3794848686998847
TF-IDF,Agglomerative,link=complete,75.0,0.7409718872011393,0.25377474331057165,0.378066021451289
TF-IDF,Agglomerative,link=complete,80.0,0.7508204327229229,0.2532152644361287,0.37871002984043556
TF-IDF,Agglomerative,link=complete,85.0,0.7570931172885063,0.25216326318091115,0.3783202656563498
TF-IDF,Agglomerative,link=complete,90.0,0.761069051745263,0.25058686269280855,0.37703314585052183
TF-IDF,Agglomerative,link=complete,95.0,0.7624010917487671,0.247875481876441,0.3741164408518855
TF-IDF,Agglomerative,link=complete,100.0,0.7660700263304321,0.2459856305981386,0.37239497100607366
TF-IDF,Agglomerative,link=complete,105.0,0.7675321728554426,0.24439763979344212,0.3707432060339727
TF-IDF,Agglomerative,link=complete,110.0,0.7717250983709748,0.24281359563142937,0.36940009697457804
TF-IDF,Agglomerative,link=complete,115.0,0.7746686957865421,0.24230059054938702,0.36914130051160643
TF-IDF,Agglomerative,link=complete,120.0,0.776196814328347,0.24114286320398667,0.3679681945974273
TF-IDF,Agglomerative,link=complete,125.0,0.7789331775656828,0.2405530348083059,0.3675866088271636
TF-IDF,Agglomerative,link=complete,130.0,0.7803827216041186,0.23947767421377153,0.36648984494881437
TF-IDF,Agglomerative,link=complete,135.0,0.7818286950837924,0.23771454381256968,0.3645790477559382
TF-IDF,Agglomerative,link=complete,140.0,0.7839022925043738,0.2370504300458457,0.3640215094150859
TF-IDF,Agglomerative,link=complete,145.0,0.7877367756398111,0.23733076588913354,0.36476459298044006
TF-IDF,Agglomerative,link=complete,150.0,0.7909432977348435,0.23689547031021077,0.36459197751799843
TF-IDF,Agglomerative,link=complete,155.0,0.7918654800802165,0.23471275179544757,0.3620979290430964
TF-IDF,Agglomerative,link=complete,160.0,0.7944258237024845,0.233322671868177,0.3607060610376676
TF-IDF,Agglomerative,link=complete,165.0,0.7951727415500801,0.23224440193130236,0.3594925760487251
TF-IDF,Agglomerative,link=complete,170.0,0.796284454029844,0.2312259300444923,0.3583839469007274
TF-IDF,Agglomerative,link=complete,175.0,0.7996851859396562,0.23031907912731217,0.3576349377648449
TF-IDF,Agglomerative,link=complete,180.0,0.8020953280651576,0.23010892636804078,0.35762165093428167
TF-IDF,Agglomerative,link=complete,185.0,0.8057970128259984,0.22999754377057932,0.3578534614752425
TF-IDF,Agglomerative,link=complete,190.0,0.806133824978306,0.22858067170311144,0.35616899499741766
TF-IDF,Agglomerative,link=complete,195.0,0.8094876774193083,0.22703348841877263,0.3546108218406122
TF-IDF,Agglomerative,link=complete,200.0,0.8116510459478293,0.2265982259566066,0.35428618557130254
TF-IDF,Agglomerative,link=complete,205.0,0.8133781667449673,0.22650612020851868,0.35433775685075036
TF-IDF,Agglomerative,link=complete,210.0,0.8166122838677781,0.2268966599220224,0.3551222071714539
TF-IDF,Agglomerative,link=complete,215.0,0.8190311733039635,0.2269873657903877,0.3554616320460991
TF-IDF,Agglomerative,link=complete,220.0,0.8199917488587567,0.22666024332033197,0.3551505767070448
TF-IDF,Agglomerative,link=complete,225.0,0.8223564565912863,0.22598316580877667,0.35453914268417824
TF-IDF,Agglomerative,link=complete,230.0,0.8229061206728837,0.22575005656983496,0.35430316880795704
TF-IDF,Agglomerative,link=complete,235.0,0.8292537730708054,0.22621721259804023,0.35546496232979785
TF-IDF,Agglomerative,link=complete,240.0,0.8305338089698523,0.2259791776458346,0.35528829183496047
TF-IDF,Agglomerative,link=complete,245.0,0.8315976865668668,0.22528294704242047,0.3545240051256372
TF-IDF,Agglomerative,link=complete,250.0,0.8320948612401197,0.22444908534571195,0.3535355649516084
TF-IDF,Agglomerative,link=complete,255.0,0.8323939164258457,0.2240456025169836,0.3530617573332046
TF-IDF,Agglomerative,link=complete,260.0,0.8340466226619017,0.22343606234423896,0.352452282805944
TF-IDF,Agglomerative,link=complete,265.0,0.8343336663914579,0.22258893593813284,0.3514229757412697
TF-IDF,Agglomerative,link=complete,270.0,0.8350512101612835,0.22204984663714322,0.35081412880628915
TF-IDF,Agglomerative,link=complete,275.0,0.8358173157949716,0.22132423078238542,0.34997512885921506
TF-IDF,Agglomerative,link=complete,280.0,0.837175712735975,0.2207214534816986,0.349339512450571
TF-IDF,Agglomerative,link=complete,285.0,0.8383741953752414,0.21973134564714802,0.34820173028797846
TF-IDF,Agglomerative,link=complete,290.0,0.8391361748290639,0.2195176185277721,0.3479988942086396
TF-IDF,Agglomerative,link=complete,295.0,0.8407471803007384,0.21897184322933233,0.34745051409392286
TF-IDF,Agglomerative,link=complete,300.0,0.8418761216165048,0.21867004658617012,0.34716657558746533
TF-IDF,Agglomerative,link=average,8.0,0.006466817111195679,0.1711257461610666,0.012462671668790051
TF-IDF,Agglomerative,link=average,5.0,0.004354838659980242,0.19267386716066595,0.008517171160256812
TF-IDF,Agglomerative,link=average,10.0,0.006984478098244201,0.16566447274347765,0.013403844922229048
TF-IDF,Agglomerative,link=average,15.0,0.009750421227383566,0.15251121645406837,0.018329022479696342
TF-IDF,Agglomerative,link=average,20.0,0.2724150856976431,0.6047264236341799,0.3756214904101966
TF-IDF,Agglomerative,link=average,25.0,0.3179056317245418,0.5162754807184237,0.3935041932585201
TF-IDF,Agglomerative,link=average,30.0,0.4415906860999467,0.44257295330544777,0.4420812740747049
TF-IDF,Agglomerative,link=average,35.0,0.44291909496749104,0.4358618513127376,0.4393621357664984
TF-IDF,Agglomerative,link=average,40.0,0.6762906365160458,0.4918249664620935,0.5694926405830346
TF-IDF,Agglomerative,link=average,45.0,0.6864632007139024,0.4783758169769935,0.563833095352746
TF-IDF,Agglomerative,link=average,50.0,0.6909324506921403,0.4744775164953503,0.5626035858636369
TF-IDF,Agglomerative,link=average,55.0,0.6974006831424178,0.4581791320291973,0.5530287661372975
TF-IDF,Agglomerative,link=average,60.0,0.7052664876996514,0.4514205031899617,0.5504890350941569
TF-IDF,Agglomerative,link=average,65.0,0.7087201950181983,0.4503257219746813,0.5507200859266178
TF-IDF,Agglomerative,link=average,70.0,0.713097928610276,0.4286116894897289,0.5354112869118435
TF-IDF,Agglomerative,link=average,75.0,0.7137730358631292,0.42477314942719513,0.532594328340715
TF-IDF,Agglomerative,link=average,80.0,0.7161586712360924,0.41039471489476836,0.5217821673072702
TF-IDF,Agglomerative,link=average,85.0,0.7188403528227427,0.39935425405211444,0.5134561571288508
TF-IDF,Agglomerative,link=average,90.0,0.72260336051533,0.3966222159280031,0.5121408089964652
TF-IDF,Agglomerative,link=average,95.0,0.7242705787820838,0.3824454688656667,0.5005692321470421
TF-IDF,Agglomerative,link=average,100.0,0.7258787618968623,0.3811314731155554,0.49982418061734224
TF-IDF,Agglomerative,link=average,105.0,0.7424285858271027,0.3797728492185046,0.5025019761614634
TF-IDF,Agglomerative,link=average,110.0,0.7449866307540162,0.37848844637161394,0.5019583223209859
TF-IDF,Agglomerative,link=average,115.0,0.7559403147395559,0.38039539308361064,0.5061113739424097
TF-IDF,Agglomerative,link=average,120.0,0.7609238148762283,0.36551576172070016,0.49382080243693033
TF-IDF,Agglomerative,link=average,125.0,0.7626919832475542,0.36420108321354444,0.4929895386247542
TF-IDF,Agglomerative,link=average,130.0,0.7689369828685022,0.3569006180776647,0.4875198416146442
TF-IDF,Agglomerative,link=average,135.0,0.7697496651730348,0.3567095836824325,0.4875046884874843
TF-IDF,Agglomerative,link=average,140.0,0.7701533857726618,0.3558545602229383,0.4867862529265108
TF-IDF,Agglomerative,link=average,145.0,0.7755116600231543,0.34977457132944156,0.4821071313021122
TF-IDF,Agglomerative,link=average,150.0,0.776118378294067,0.3464409495950605,0.4790467306168633
TF-IDF,Agglomerative,link=average,155.0,0.7767818944362632,0.3459486967178827,0.4787019898300397
TF-IDF,Agglomerative,link=average,160.0,0.7804059450711812,0.3440083884314567,0.4775218235611991
TF-IDF,Agglomerative,link=average,165.0,0.7824432775438469,0.34174575141743474,0.47571477560639286
TF-IDF,Agglomerative,link=average,170.0,0.7841180189963652,0.3341838949664199,0.46863840690927894
TF-IDF,Agglomerative,link=average,175.0,0.7878871973593262,0.3324498986658905,0.4675967971632081
TF-IDF,Agglomerative,link=average,180.0,0.7886611730614572,0.33135717068377446,0.46665045513439357
TF-IDF,Agglomerative,link=average,185.0,0.7897949646978144,0.3304344928598206,0.46593221926541817
TF-IDF,Agglomerative,link=average,190.0,0.7920045473391885,0.3205539583826547,0.45638982831184877
TF-IDF,Agglomerative,link=average,195.0,0.795787555732972,0.32118623734467205,0.4576580262413007
TF-IDF,Agglomerative,link=average,200.0,0.7970239926917478,0.31740023379509963,0.4540023370061763
TF-IDF,Agglomerative,link=average,205.0,0.7981434097834585,0.3162594543836087,0.4530146276798291
TF-IDF,Agglomerative,link=average,210.0,0.7986569213868158,0.3115830439393651,0.4482777821024241
TF-IDF,Agglomerative,link=average,215.0,0.8008947522888537,0.30975568684182436,0.446732284691525
TF-IDF,Agglomerative,link=average,220.0,0.8014234971021544,0.30899562791346974,0.4460232197607451
TF-IDF,Agglomerative,link=average,225.0,0.8032578766469266,0.306068785270974,0.4432457471807557
TF-IDF,Agglomerative,link=average,230.0,0.804327887435009,0.30427089254455664,0.4415187327065956
TF-IDF,Agglomerative,link=average,235.0,0.8074130560045271,0.30459213355523157,0.44232107493335093
TF-IDF,Agglomerative,link=average,240.0,0.8114450577045654,0.3003046743226367,0.43837337984394553
TF-IDF,Agglomerative,link=average,245.0,0.8115168390079696,0.29981477879094,0.43786163855246696
TF-IDF,Agglomerative,link=average,250.0,0.8145772407698442,0.29748061959284244,0.4358063567149477
TF-IDF,Agglomerative,link=average,255.0,0.8185844037930041,0.29810103054103676,0.43704493110191184
TF-IDF,Agglomerative,link=average,260.0,0.8200052852628099,0.29758175963414923,0.43668833995889395
TF-IDF,Agglomerative,link=average,265.0,0.8201897009167708,0.29659341230187697,0.43564924872235977
TF-IDF,Agglomerative,link=average,270.0,0.8217445615881036,0.2967854860458971,0.4360756505958428
TF-IDF,Agglomerative,link=average,275.0,0.8229242213079605,0.2880370549879928,0.42671634779948553
TF-IDF,Agglomerative,link=average,280.0,0.8235858727723315,0.28748270388888,0.426196363685782
TF-IDF,Agglomerative,link=average,285.0,0.823708459486899,0.28634102643341264,0.4249567767257104
TF-IDF,Agglomerative,link=average,290.0,0.8246029321305262,0.28254555661776487,0.42087921686253604
TF-IDF,Agglomerative,link=average,295.0,0.825272713225956,0.28250607626032487,0.420922585395041
TF-IDF,Agglomerative,link=average,300.0,0.829487400056543,0.27958257955646076,0.418206661942671
BOW,Agglomerative,link=complete,8.0,0.16843473582821933,0.27029442485438115,0.20754020533011597
BOW,Agglomerative,link=complete,5.0,0.0992747763811992,0.24105176177702417,0.1406317584059963
BOW,Agglomerative,link=complete,10.0,0.18114597222917905,0.2515936514352862,0.21063556052482907
BOW,Agglomerative,link=complete,15.0,0.22733365904391994,0.23885546652122375,0.23295218274809215
BOW,Agglomerative,link=complete,20.0,0.29806069310069544,0.25224512495062307,0.2732457274040412
BOW,Agglomerative,link=complete,25.0,0.3565944169715385,0.23793717298459102,0.28542492580606926
BOW,Agglomerative,link=complete,30.0,0.3986386366925741,0.22915050410568255,0.2910156886051033
BOW,Agglomerative,link=complete,35.0,0.4326821378664033,0.2271967605246649,0.29794551788160006
BOW,Agglomerative,link=complete,40.0,0.4778422703490156,0.23354385253580778,0.31374557678807624
BOW,Agglomerative,link=complete,45.0,0.5305394407132559,0.2324173754006093,0.3232334563446107
BOW,Agglomerative,link=complete,50.0,0.6254574412878874,0.2471070540516554,0.3542544913913642
BOW,Agglomerative,link=complete,55.0,0.6797380450522413,0.2550255279035158,0.3708971097951769
BOW,Agglomerative,link=complete,60.0,0.7011185085547802,0.25367743280845484,0.3725569739869819
BOW,Agglomerative,link=complete,65.0,0.7139933230208635,0.25574407011802747,0.37659589030676527
BOW,Agglomerative,link=complete,70.0,0.7188320022876963,0.2519289364282355,0.37309820489163903
BOW,Agglomerative,link=complete,75.0,0.722880506364112,0.24982244035630813,0.3713194717766038
BOW,Agglomerative,link=complete,80.0,0.7268747006903113,0.24767419215617292,0.3694593583014654
BOW,Agglomerative,link=complete,85.0,0.7345939231796624,0.24578814817040548,0.3683349284160689
BOW,Agglomerative,link=complete,90.0,0.7374401243226657,0.24193418657446628,0.3643386897946046
BOW,Agglomerative,link=complete,95.0,0.739907647528361,0.24033775657057294,0.3628229080856344
BOW,Agglomerative,link=complete,100.0,0.7483920989844365,0.23913179445741842,0.36245066428550077
BOW,Agglomerative,link=complete,105.0,0.7522238402798166,0.23849763435520427,0.36216759403224824
BOW,Agglomerative,link=complete,110.0,0.7532584646066557,0.23648445098537438,0.35995996868749996
BOW,Agglomerative,link=complete,115.0,0.7542763731651486,0.2345259247152153,0.35780127996587296
BOW,Agglomerative,link=complete,120.0,0.7568548108242993,0.23420664138321015,0.35771832889484445
BOW,Agglomerative,link=complete,125.0,0.7616621701353327,0.23368254235611166,0.3576392180517616
BOW,Agglomerative,link=complete,130.0,0.764998075134827,0.23280296914552942,0.3569726135342924
BOW,Agglomerative,link=complete,135.0,0.7666380902633615,0.23155340120766857,0.3556785623051666
BOW,Agglomerative,link=complete,140.0,0.7688224118608132,0.2312815518530224,0.35559191237328464
BOW,Agglomerative,link=complete,145.0,0.7697631513410945,0.22989693614319673,0.35405272705164464
BOW,Agglomerative,link=complete,150.0,0.7707493022377165,0.2292206073168761,0.35335387887157743
BOW,Agglomerative,link=complete,155.0,0.7723743041555584,0.226297101954037,0.35003719058115806
BOW,Agglomerative,link=complete,160.0,0.7760931591903948,0.22650431171023488,0.3506660488332012
BOW,Agglomerative,link=complete,165.0,0.7772784368398052,0.22583262559190628,0.34998084814652464
BOW,Agglomerative,link=complete,170.0,0.781311473159057,0.2256678546506702,0.35018967935571144
BOW,Agglomerative,link=complete,175.0,0.7825515530746738,0.22473136663399523,0.34918467600918135
BOW,Agglomerative,link=complete,180.0,0.7846622472652501,0.22430703408856778,0.34888130827764696
BOW,Agglomerative,link=complete,185.0,0.7860031720070838,0.22357321753921125,0.34812473821940865
BOW,Agglomerative,link=complete,190.0,0.7914975960410147,0.2235569187112641,0.34864090778707574
BOW,Agglomerative,link=complete,195.0,0.793784544068429,0.2233925104275783,0.34866205692364655
BOW,Agglomerative,link=complete,200.0,0.7966515615436695,0.22368760190562084,0.3492977310674951
BOW,Agglomerative,link=complete,205.0,0.7980086896271725,0.22322535601636986,0.3488637587164029
BOW,Agglomerative,link=complete,210.0,0.7998198235926993,0.2229064980436662,0.34864661673651814
BOW,Agglomerative,link=complete,215.0,0.8000295418690314,0.22131605766714388,0.34671786769162843
BOW,Agglomerative,link=complete,220.0,0.8038433805342405,0.2217353642699484,0.3475900913542774
BOW,Agglomerative,link=complete,225.0,0.805188850391042,0.22139223739277997,0.34729367846942416
BOW,Agglomerative,link=complete,230.0,0.8091322594697524,0.22179966172212676,0.34816122723480736
BOW,Agglomerative,link=complete,235.0,0.8102937160706485,0.2209455987353341,0.3472149047816143
BOW,Agglomerative,link=complete,240.0,0.811347792102159,0.22049523311158264,0.34675491558820287
BOW,Agglomerative,link=complete,245.0,0.8133663577181229,0.2204042185415533,0.3468262312310601
BOW,Agglomerative,link=complete,250.0,0.8140983950080061,0.21999375543296598,0.34638414600360046
BOW,Agglomerative,link=complete,255.0,0.8148772866462718,0.219453593510205,0.3457844143593897
BOW,Agglomerative,link=complete,260.0,0.8152905626586793,0.2185867316532103,0.34474439165989945
BOW,Agglomerative,link=complete,265.0,0.8181640072209093,0.21875608311491251,0.34521146852749734
BOW,Agglomerative,link=complete,270.0,0.8204607612161086,0.21854131480373065,0.3451476712884149
BOW,Agglomerative,link=complete,275.0,0.8215173825428774,0.2175866421879366,0.3440487275811175
BOW,Agglomerative,link=complete,280.0,0.8218478296205766,0.2165003199390215,0.3427180336951765
BOW,Agglomerative,link=complete,285.0,0.822393175011028,0.2160588169430214,0.34221186502911594
BOW,Agglomerative,link=complete,290.0,0.8244878934359771,0.21579094553161063,0.3420564091844585
BOW,Agglomerative,link=complete,295.0,0.8253050913165679,0.21507702970203768,0.3412287928680428
BOW,Agglomerative,link=complete,300.0,0.8256063636891706,0.214413223612772,0.3404184383354701
BOW,Agglomerative,link=average,8.0,0.0065378698556548655,0.16669477232996463,0.012582256015509717
BOW,Agglomerative,link=average,5.0,0.006150831931342965,0.16809636237563602,0.011867421766586792
BOW,Agglomerative,link=average,10.0,0.006930543267596759,0.1589902383606564,0.013282106259031997
BOW,Agglomerative,link=average,15.0,0.007604172658652861,0.14910098167745559,0.01447035501867673
BOW,Agglomerative,link=average,20.0,0.036005315508466564,0.319086204688988,0.06470894865547686
BOW,Agglomerative,link=average,25.0,0.06354487835129223,0.34594509864029627,0.10736789882295449
BOW,Agglomerative,link=average,30.0,0.1340357840026355,0.27936213622841904,0.1811548685542437
BOW,Agglomerative,link=average,35.0,0.13649698222887383,0.2744925310302215,0.18232777684704868
BOW,Agglomerative,link=average,40.0,0.3839463617726052,0.48100699866715635,0.4270308563955846
BOW,Agglomerative,link=average,45.0,0.3858999760883488,0.48068174198876007,0.4281075145484731
BOW,Agglomerative,link=average,50.0,0.6399406592112766,0.5333597639179786,0.5818093852009821
BOW,Agglomerative,link=average,55.0,0.6455498002964644,0.5029852894473075,0.5654194739965791
BOW,Agglomerative,link=average,60.0,0.6479560021675471,0.4844978689608602,0.5544301807503444
BOW,Agglomerative,link=average,65.0,0.648373778215536,0.4762665501328666,0.5491511103835552
BOW,Agglomerative,link=average,70.0,0.7100641662932732,0.4587755513808123,0.5574076145447802
BOW,Agglomerative,link=average,75.0,0.7118066487091034,0.4574641182366023,0.556972790412336
BOW,Agglomerative,link=average,80.0,0.7146160495730981,0.4478910236342097,0.5506549101084953
BOW,Agglomerative,link=average,85.0,0.7181843919908482,0.42050366410472695,0.5304335401049101
BOW,Agglomerative,link=average,90.0,0.7190050870619534,0.41619560481401835,0.5272138384263781
BOW,Agglomerative,link=average,95.0,0.7390017981674748,0.39625094985516623,0.5158854096210435
BOW,Agglomerative,link=average,100.0,0.7413197086528982,0.38923968297646405,0.5104571250598327
BOW,Agglomerative,link=average,105.0,0.7416236485925658,0.3855441007950712,0.5073399640476207
BOW,Agglomerative,link=average,110.0,0.7423915756031103,0.3849818232935576,0.5070321202419267
BOW,Agglomerative,link=average,115.0,0.7460650922595221,0.3826397144117656,0.5058437461193689
BOW,Agglomerative,link=average,120.0,0.7475767768994186,0.3765573183956592,0.5008397264744856
BOW,Agglomerative,link=average,125.0,0.7512191514580928,0.3730946760414693,0.4985723008899199
BOW,Agglomerative,link=average,130.0,0.7535957439783769,0.36890438331865905,0.4953313882882858
BOW,Agglomerative,link=average,135.0,0.7545726100327368,0.3668441739776228,0.4936800835879786
BOW,Agglomerative,link=average,140.0,0.7555216651232628,0.3603445037974948,0.4879583002151805
BOW,Agglomerative,link=average,145.0,0.7684361109377025,0.3635603265455723,0.49359322021019786
BOW,Agglomerative,link=average,150.0,0.7697707086058249,0.3618199798250138,0.4922600108063169
BOW,Agglomerative,link=average,155.0,0.7712720852505414,0.3560176560313983,0.48716220843292735
BOW,Agglomerative,link=average,160.0,0.7714057065391635,0.350352418744404,0.48185762871280696
BOW,Agglomerative,link=average,165.0,0.7747196687637845,0.34440623936941706,0.47683336744393917
BOW,Agglomerative,link=average,170.0,0.777156313947186,0.34419665288175827,0.4770926014187842
BOW,Agglomerative,link=average,175.0,0.7778005384053992,0.34137705705091836,0.47449709474427837
BOW,Agglomerative,link=average,180.0,0.7802722809539236,0.3388990215788196,0.47255234651198025
BOW,Agglomerative,link=average,185.0,0.780436294065627,0.3377323206993018,0.4714468949893728
BOW,Agglomerative,link=average,190.0,0.7815538820420175,0.3335961049244789,0.4676022667534782
BOW,Agglomerative,link=average,195.0,0.782014087276693,0.33245856055546424,0.4665655604842792
BOW,Agglomerative,link=average,200.0,0.7823717204158853,0.3290026132910144,0.4632144773818347
BOW,Agglomerative,link=average,205.0,0.7848833488417086,0.3252366975426692,0.45990137582853835
BOW,Agglomerative,link=average,210.0,0.787220752243205,0.32289435276178174,0.4579509532483495
BOW,Agglomerative,link=average,215.0,0.78796528915513,0.32096573222669916,0.4561327100178878
BOW,Agglomerative,link=average,220.0,0.7890135685207906,0.3209241350987383,0.4562661422041428
BOW,Agglomerative,link=average,225.0,0.7893677913995211,0.32005766314828576,0.4554487363602625
BOW,Agglomerative,link=average,230.0,0.79002353709944,0.3188495296495504,0.45433267480244693
BOW,Agglomerative,link=average,235.0,0.8038206258224807,0.31833886150777735,0.4560623436684245
BOW,Agglomerative,link=average,240.0,0.8068859937295334,0.3135132896917528,0.45157023222626413
BOW,Agglomerative,link=average,245.0,0.8073258916807623,0.31306511680842564,0.45117387174023055
BOW,Agglomerative,link=average,250.0,0.809282879737255,0.31197497660358087,0.4503442380250523
BOW,Agglomerative,link=average,255.0,0.8100227528377402,0.31079301716262014,0.4492253268790672
BOW,Agglomerative,link=average,260.0,0.8104759803983165,0.3084874941705817,0.4468809035520086
BOW,Agglomerative,link=average,265.0,0.8115255110314844,0.3068577851077463,0.4453266098183063
BOW,Agglomerative,link=average,270.0,0.8126306324805282,0.3021094234437291,0.44046748037209926
BOW,Agglomerative,link=average,275.0,0.8133426229720278,0.30076509375268906,0.4391407878771276
BOW,Agglomerative,link=average,280.0,0.8144597105547334,0.30063257193826254,0.43916207002481944
BOW,Agglomerative,link=average,285.0,0.8148293233158564,0.29981421693233284,0.4383417777652043
BOW,Agglomerative,link=average,290.0,0.8156842094799504,0.29963871786745616,0.4382776767524866
BOW,Agglomerative,link=average,295.0,0.8159345686011207,0.29888953838215065,0.43751172051554443
BOW,Agglomerative,link=average,300.0,0.8166070529349103,0.2955076260098052,0.4339725320857034
